Run,Ball_Faced,4s,6s,SR,Position,Wicket,Inn,Opposition,Ground,Date
26,21,3,1,123.8,5,not out,2,v?Zimbabwe,Harare,12-Jun-10
28,19,5,0,147.36,1,bowled,1,v?South Africa,Durban,09-Jan-11
14,12,2,0,116.66,3,caught,1,v?West Indies,Port of Spain,04-Jun-11
4,5,0,0,80,4,caught,1,v?England,Manchester,31-Aug-11
15,16,3,0,93.75,3,caught,1,v?England,Eden Gardens,29-Oct-11
22,21,0,1,104.76,3,caught,2,v?Australia,Sydney,01-Feb-12
31,24,3,0,129.16,3,caught,2,v?Australia,Melbourne,03-Feb-12
68,48,11,1,141.66,3,caught,1,v?Sri Lanka,Pallekele,07-Aug-12
70,41,10,1,170.73,2,caught,2,v?New Zealand,Chennai,11-Sep-12
50,39,4,2,128.2,3,caught,1,v?Afghanistan,Colombo (RPS),19-Sep-12
40,32,6,0,125,3,caught,1,v?England,Colombo (RPS),23-Sep-12
15,13,2,0,115.38,3,caught,1,v?Australia,Colombo (RPS),28-Sep-12
78,61,8,2,127.86,3,not out,2,v?Pakistan,Colombo (RPS),30-Sep-12
2,6,0,0,33.33,3,caught,1,v?South Africa,Colombo (RPS),02-Oct-12
21,17,2,0,123.52,3,bowled,2,v?England,Pune,20-Dec-12
38,20,7,0,190,3,lbw,1,v?England,Wankhede,22-Dec-12
9,11,1,0,81.81,3,caught,1,v?Pakistan,Bengaluru,25-Dec-12
27,22,3,0,122.72,3,run out,1,v?Pakistan,Ahmedabad,28-Dec-12
29,22,2,1,131.81,4,caught,2,v?Australia,Rajkot,10-Oct-13
36,32,4,1,112.5,3,not out,2,v?Pakistan,Mirpur,21-Mar-14
54,41,5,1,131.7,3,bowled,2,v?West Indies,Mirpur,23-Mar-14
57,50,3,1,114,3,not out,2,v?Bangladesh,Mirpur,28-Mar-14
23,22,2,1,104.54,3,caught,1,v?Australia,Mirpur,30-Mar-14
72,44,5,2,163.63,3,not out,2,v?South Africa,Mirpur,04-Apr-14
77,58,5,4,132.75,3,run out,1,v?Sri Lanka,Mirpur,06-Apr-14
66,41,9,1,160.97,3,caught,2,v?England,Birmingham,07-Sep-14
43,27,1,3,159.25,3,caught,1,v?South Africa,Dharamsala,02-Oct-15
1,1,0,0,100,3,run out,1,v?South Africa,Cuttack,05-Oct-15
90,55,9,2,163.63,3,not out,1,v?Australia,Adelaide,26-Jan-16
59,33,7,1,178.78,3,not out,1,v?Australia,Melbourne,29-Jan-16
50,36,2,1,138.88,3,bowled,2,v?Australia,Sydney,31-Jan-16
7,12,1,0,58.33,3,caught,1,v?Bangladesh,Mirpur,24-Feb-16
49,51,7,0,96.07,3,lbw,2,v?Pakistan,Mirpur,27-Feb-16
56,47,7,0,119.14,3,not out,2,v?Sri Lanka,Mirpur,01-Mar-16
41,28,5,0,146.42,3,not out,2,v?Bangladesh,Mirpur,06-Mar-16
23,27,2,0,85.18,3,caught,2,v?New Zealand,Nagpur,15-Mar-16
55,37,7,1,148.64,3,not out,2,v?Pakistan,Eden Gardens,19-Mar-16
24,24,0,1,100,3,bowled,1,v?Bangladesh,Bengaluru,23-Mar-16
82,51,9,2,160.78,3,not out,2,v?Australia,Mohali,27-Mar-16
89,47,11,1,189.36,3,not out,1,v?West Indies,Wankhede,31-Mar-16
16,9,3,0,177.77,3,caught,2,v?West Indies,Lauderhill,27-Aug-16
29,26,4,0,111.53,1,caught,1,v?England,Kanpur,26-Jan-17
21,15,2,1,140,1,caught,1,v?England,Nagpur,29-Jan-17
2,4,0,0,50,1,run out,1,v?England,Bengaluru,01-Feb-17
39,22,7,1,177.27,1,caught,1,v?West Indies,Kingston,09-Jul-17
82,54,7,1,151.85,3,caught,2,v?Sri Lanka,Colombo (RPS),06-Sep-17
22,14,3,0,157.14,3,not out,2,v?Australia,Ranchi,07-Oct-17
0,2,0,0,0,3,caught,1,v?Australia,Guwahati,10-Oct-17
26,11,0,3,236.36,4,not out,1,v?New Zealand,Delhi,01-Nov-17
65,42,8,1,154.76,4,caught,2,v?New Zealand,Rajkot,04-Nov-17
13,6,1,1,216.66,3,caught,1,v?New Zealand,Thiruvananthapuram,07-Nov-17
26,20,2,1,130,4,lbw,1,v?South Africa,Johannesburg,18-Feb-18
1,5,0,0,20,4,caught,1,v?South Africa,Centurion,21-Feb-18
0,2,0,0,0,6,caught,1,v?Ireland,Dublin (Malahide),27-Jun-18
9,8,1,0,112.5,2,caught,1,v?Ireland,Dublin (Malahide),29-Jun-18
20,22,0,1,90.9,4,not out,2,v?England,Manchester,03-Jul-18
47,38,1,2,123.68,4,caught,1,v?England,Cardiff,06-Jul-18
43,29,2,2,148.27,4,caught,2,v?England,Bristol,08-Jul-18
4,8,0,0,50,4,caught,2,v?Australia,Brisbane,21-Nov-18
61,41,4,2,148.78,3,not out,2,v?Australia,Sydney,25-Nov-18
24,17,3,0,141.17,3,caught,1,v?Australia,Visakhapatnam,24-Feb-19
72,38,2,6,189.47,3,not out,1,v?Australia,Bengaluru,27-Feb-19
19,29,1,0,65.51,3,caught,2,v?West Indies,Lauderhill,03-Aug-19
28,23,1,1,121.73,3,bowled,1,v?West Indies,Lauderhill,04-Aug-19
59,45,6,0,131.11,3,caught,2,v?West Indies,Providence,06-Aug-19
72,52,4,3,138.46,3,not out,2,v?South Africa,Mohali,18-Sep-19
9,15,0,0,60,3,caught,1,v?South Africa,Bengaluru,22-Sep-19
94,50,6,6,188,3,not out,2,v?West Indies,Hyderabad,06-Dec-19
19,17,2,0,111.76,4,caught,1,v?West Indies,Thiruvananthapuram,08-Dec-19
70,29,4,7,241.37,4,not out,1,v?West Indies,Wankhede,11-Dec-19
30,17,1,2,176.47,4,not out,2,v?Sri Lanka,Indore,07-Jan-20
26,17,2,1,152.94,6,run out,1,v?Sri Lanka,Pune,10-Jan-20
45,32,3,1,140.62,3,caught,2,v?New Zealand,Auckland,24-Jan-20
11,12,1,0,91.66,3,caught,2,v?New Zealand,Auckland,26-Jan-20
38,27,2,1,140.74,4,caught,1,v?New Zealand,Hamilton,29-Jan-20
11,9,2,0,122.22,3,caught,1,v?New Zealand,Wellington,31-Jan-20
9,9,1,0,100,3,caught,1,v?Australia,Canberra,04-Dec-20
40,24,2,2,166.66,3,caught,2,v?Australia,Sydney,06-Dec-20
85,61,4,3,139.34,3,caught,2,v?Australia,Sydney,08-Dec-20
0,5,0,0,0,3,caught,1,v?England,Ahmedabad,12-Mar-21
73,49,5,3,148.97,3,not out,2,v?England,Ahmedabad,14-Mar-21
77,46,8,4,167.39,4,not out,1,v?England,Ahmedabad,16-Mar-21
1,5,0,0,20,4,stumped,1,v?England,Ahmedabad,18-Mar-21
80,52,7,2,153.84,2,not out,1,v?England,Ahmedabad,20-Mar-21
57,49,5,1,116.32,3,caught,1,v?Pakistan,Dubai (DSC),24-Oct-21
9,17,0,0,52.94,4,caught,1,v?New Zealand,Dubai (DSC),31-Oct-21
2,2,0,0,100,3,not out,2,v?Scotland,Dubai (DSC),05-Nov-21
17,13,1,0,130.76,3,caught,2,v?West Indies,Eden Gardens,16-Feb-22
52,41,7,1,126.82,3,bowled,1,v?West Indies,Eden Gardens,18-Feb-22
1,3,0,0,33.33,3,caught,1,v?England,Birmingham,09-Jul-22
11,6,1,1,183.33,3,caught,2,v?England,Nottingham,10-Jul-22
35,34,3,1,102.94,3,caught,2,v?Pakistan,Dubai (DSC),28-Aug-22
59,44,1,3,134.09,3,not out,1,v?Hong Kong,Dubai (DSC),31-Aug-22
60,44,4,1,136.36,3,run out,1,v?Pakistan,Dubai (DSC),04-Sep-22
0,4,0,0,0,3,bowled,1,v?Sri Lanka,Dubai (DSC),06-Sep-22
122,61,12,6,200,2,not out,1,v?Afghanistan,Dubai (DSC),08-Sep-22
2,7,0,0,28.57,3,caught,1,v?Australia,Mohali,20-Sep-22
11,6,2,0,183.33,3,bowled,2,v?Australia,Nagpur,23-Sep-22
63,48,3,4,131.25,3,caught,2,v?Australia,Hyderabad,25-Sep-22
3,9,0,0,33.33,3,caught,2,v?South Africa,Thiruvananthapuram,28-Sep-22
49,28,7,1,175,3,not out,1,v?South Africa,Guwahati,02-Oct-22
82,53,6,4,154.71,3,not out,2,v?Pakistan,Melbourne,23-Oct-22
62,44,3,2,140.9,3,not out,1,v?Netherlands,Sydney,27-Oct-22
12,11,2,0,109.09,3,caught,1,v?South Africa,Perth,30-Oct-22
64,44,8,1,145.45,3,not out,1,v?Bangladesh,Adelaide,02-Nov-22
26,25,2,0,104,3,caught,1,v?Zimbabwe,Melbourne,06-Nov-22
50,40,4,1,125,3,caught,1,v?England,Adelaide,10-Nov-22
29,16,5,0,181.25,3,caught,2,v?Afghanistan,Indore,14-Jan-24
0,1,0,0,0,3,caught,1,v?Afghanistan,Bengaluru,17-Jan-24
